thread, time
1, 7.596459
2, 16.258839
4, 20.538399
8, 23.604210
16, 22.150939
32, 12.088031
48, 8.638608
64, 8.944260
72, 7.352391
80, 8.229932
1, 7.624414
2, 16.650048
4, 19.441654
8, 22.393675
16, 21.800931
32, 12.304964
48, 9.851012
64, 8.505860
72, 8.036292
80, 7.864244
1, 7.636717
2, 16.220961
4, 20.074419
8, 23.463338
16, 21.705467
32, 12.248304
48, 8.951307
64, 8.130923
72, 7.728960
80, 8.414608
