thread, time
1, 7.59819
2, 3.95994
4, 2.12541
8, 1.21932
16, 0.662946
32, 0.669476
48, 0.533062
64, 0.498385
72, 0.450854
80, 0.478495
1, 7.60438
2, 3.88758
4, 2.18934
8, 1.21484
16, 0.738297
32, 0.674968
48, 0.597957
64, 0.494215
72, 0.478899
80, 0.460599
1, 7.88206
2, 3.96189
4, 2.11219
8, 1.223
16, 0.73841
32, 0.723561
48, 0.504894
64, 0.456807
72, 0.541546
80, 0.484008
